date,footfall,Veg biryani,Sambar rice,Chapati & dal,Curd rice,Aloo veg curry,Payasam
2026-09-01,406,97,78,78,51,50,43
2026-09-02,383,98,71,73,46,43,36
2026-09-03,406,106,78,82,51,45,43
2026-09-04,571,178,108,123,67,64,96
2026-09-05,269,71,56,56,32,35,26
2026-09-06,261,72,53,55,32,32,24
2026-09-07,389,98,73,74,44,45,40
2026-09-08,395,100,75,76,51,48,40
2026-09-09,387,104,73,76,50,47,39
2026-09-10,407,112,85,78,45,47,39
2026-09-11,361,101,77,70,44,43,39
2026-09-12,259,65,50,52,30,31,28
2026-09-13,257,64,56,52,29,29,24
2026-09-14,405,110,80,75,48,52,41
2026-09-15,469,129,86,97,58,57,45
2026-09-16,406,99,80,81,52,52,39
2026-09-17,400,99,85,85,46,49,41
2026-09-18,541,180,109,113,65,60,95
2026-09-19,248,69,53,52,29,28,26
2026-09-20,272,66,54,51,34,34,26
2026-09-21,429,112,83,91,51,49,43
2026-09-22,440,109,85,95,54,52,44
2026-09-23,414,103,81,84,48,47,39
2026-09-24,436,108,93,92,49,50,45
2026-09-25,418,102,89,84,50,52,44
2026-09-26,252,61,50,50,30,31,26
2026-09-27,273,66,54,53,35,31,26
2026-09-28,398,102,77,76,51,47,42
2026-09-29,181,44,39,38,23,23,19
2026-09-30,387,100,74,76,43,45,42
